,feature_1,feature_2,TARGET
0,0.16227461260466902,-0.2825227149248397,-0.04584626411644771
1,-0.8744041880796195,-0.16495457997923146,0.14423697557675455
2,0.00054020581583162,0.7517075268129985,0.0004060767777887852
3,0.7217745301229076,-0.2462706654655733,-0.17775189384946993
4,0.37411316113678383,0.28363691741699354,0.10611230378996435
5,0.11553581238104618,0.17627578267684024,0.020366165754673485
6,0.038193177101150666,0.016169831439970368,0.0006175772358825424
7,0.2655393788111997,-0.1818312811120513,-0.04828336543493873
8,0.022419555664572467,-0.02957555391952838,-0.000663070777409431
9,-0.1675535751310328,-0.6733209720138331,0.11281733607161983
10,0.32591244560572497,-0.5857902722955693,-0.19091634025589257
11,-0.39530287684302456,-0.1704159361657985,0.06736590982623739
12,0.7365613261526299,0.21674253627209783,0.15964416995026087
13,-0.37151907582716365,0.386365995824559,-0.14354233769978192
14,0.006825346837987707,0.03927121581928464,0.00026803966871608725
15,-0.11831034943691417,-0.06458982788084205,0.007641645106652565
16,0.09603581444621781,-0.16788992153059618,-0.016123445351502404
17,-0.1209927691644304,-0.3130989256165284,0.03788270603275179
18,0.04038876866911804,0.03324743193635834,0.0013428228373198242
19,0.57322880237221,0.19384286980451523,0.11111631610643449
20,-0.48625338285435776,0.16051212904807188,-0.07804956573878018
21,-0.12231858906848943,0.6052241437100345,-0.0740301633287961
22,0.3984769927125436,-0.16777200780463097,-0.06685328513133475
23,-0.7926418892641149,-0.30052440705171624,0.23820823377545025
24,-0.3182536629343307,0.32385835239840416,-0.1030691069226694
25,-0.009470976968752948,0.012147798863886821,-0.00011505152326091532
26,0.44463658327140887,0.7513629619894595,0.33408346021567875
27,0.1594131069290922,0.6365437397390417,0.10147341524806408
28,0.7207801963146738,0.39725295910440866,0.28633206584986076
29,-0.6595882464090106,0.6861634754554886,-0.4525853635255979
30,0.02949610539757596,0.04149759705989852,0.001224017496624905
31,0.11181039869811628,-0.20677818074011747,-0.023119950830623685
32,-0.01656504000580317,0.06113911414563231,-0.0010127718717417658
33,-0.08723206465964856,-0.41253598600433666,0.035986365805562165
34,-0.8068626131989288,-0.3085020519211572,0.24891877179033653
35,0.07480537065127277,-0.03265931836391316,-0.0024430924154304435
36,-0.43595331675646487,-0.18379234361780997,0.08012488179462815
37,-0.10821023847895472,0.06365231110315622,-0.006887831764209152
38,0.08861591510392686,0.7677886256174429,0.068038291665476
39,-0.8414218108833312,0.0007629657819812405,-0.0006419760499166723
40,-0.0030273664606739526,0.04318495549784196,-0.00013073668587986398
41,-0.4864084346394723,-0.00560636493140869,0.0027269831903041332
42,0.2350443529468601,-0.04551703200915427,-0.010698521336653184
43,-0.92361318162519,0.23269077235948193,-0.21491626459376392
44,0.5701695121960462,0.7522233844721411,0.4288948401869396
45,0.19742714171011558,-0.5813239054092579,-0.1147691170527114
46,-0.5288536358873674,0.8173074969432841,-0.43223604139645927
47,0.33199338831437336,-0.09332596908320795,-0.030983604693656658
48,0.8726791174527678,-0.21110914044216406,-0.18423053836728015
49,0.3168595046400415,0.2974438522330065,0.09424791167677614
50,0.028624618059349457,0.2340708745956445,0.006700189384118207
51,-0.8483329279156813,-0.40680277746802723,0.34510419129368286
52,0.6644280521312567,0.1633698406449325,0.10854750499670632
53,0.06460214226701015,-0.006330649710104757,-0.00040897353321479407
54,0.046065204176594265,-0.869205055403858,-0.040040108348506645
55,0.23078215455408296,0.6623246294977524,0.15285270500972603
56,-0.2716385324317644,-0.5405081214420002,0.14682283287595482
57,0.5835307123897517,0.442566266954276,0.2582510090355017
58,-0.13486442638368473,-0.21457617472451446,0.028938692719826953
59,-0.5708165438399615,-0.18642815958249204,0.1064162777273229
60,0.4884358670334663,0.6519469413032595,0.31843426953527393
61,0.02782188041438149,-0.04641369629612681,-0.0012913163079402612
62,-0.12262748920083956,-0.04467140277318228,0.005477941961154764
63,0.4325734331670413,-0.7229074405698125,-0.31271055342928267
64,0.1909074033891111,0.5881377197953602,0.11227984492132483
65,-0.11881528965291066,-0.5178316951582354,0.06152632285168347
66,-0.21275093294345157,-0.12800518207323336,0.02723322190767678
67,-0.027564662761047617,-0.29378828250653927,0.00809817493044014
68,-0.2977016236632049,0.8203382751707553,-0.24421603647140683
69,-0.21818132153703168,-0.3608310845049712,0.07872660286893497
70,-0.03674841935765122,0.0529226937028687,-0.0019448253417295464
71,0.6819802004109509,0.582653603067004,0.397358220989798
72,0.15611655509296354,0.1303510045458426,0.02034994978260418
73,-0.7730889219932302,0.29152265623305507,-0.22537293604381559
74,0.5286491105523284,-0.7057262568759038,-0.3730815579908706
75,0.4195172074494632,0.24684327058887176,0.1035549995551357
76,-0.2632590854260586,0.5374519911894101,-0.1414891196609382
77,0.43087667046936634,-0.3039017366087831,-0.1309441684198508
78,-0.6248131601325319,0.0031881958598875383,-0.0019920267303377877
79,-0.845336863603256,-0.12845984694857757,0.10859184411846486
80,-0.18882402615899763,0.20963815371087674,-0.039584720220226556
81,-0.6196743501516702,-0.6301011807667539,0.39045753972143826
82,-0.5676803773968804,0.003361551624490107,-0.0019082868948296404
83,0.09358639029983686,-0.06700968281133138,-0.0062711943294495275
84,0.22522406029222852,-0.0283487508418811,-0.006384820768821193
85,-0.36265395598982286,0.47294514710049684,-0.17151542856218388
86,0.10454231541812041,-0.2154191371601663,-0.02252041538409745
87,-0.028796317379512024,0.12822186997495974,-0.0036923176627934643
88,-0.13849569841709083,-0.0837473825684892,0.011598652239426209
89,-0.5848840539531396,-0.6096886217581399,0.3565971527430032
90,0.3975097231730692,0.45233966551524746,0.17980941521916474
91,-0.3006978915261481,0.9154465082921857,-0.2752728348484347
92,0.10700223783678042,-0.3287014444794549,-0.035171790139483905
93,-0.2816487048416596,-0.5248268901164308,0.14781681386736872
94,0.32685084341075155,-0.5019481074456318,-0.1640621622670353
95,0.6136599920309841,0.05013166127164641,0.03076379485645853
96,-0.033759131694249614,0.04860311592431317,-0.0016407989912397688
97,-0.33507833674777127,-0.6713407374131488,0.22495173768342017
98,0.017099838461475357,0.9480552979535631,0.01621159244755182
99,-0.35896248926350477,-0.3962671138111289,0.14224502958690738
100,0.17065603316070013,-0.08918710417937539,-0.015220317408342305
101,-0.12738999010697447,-0.742070902184507,0.09453240488795796
102,-0.004807538994291856,0.005518594100001768,-2.653085632942747e-05
103,0.2564776846189038,-0.20486890168231559,-0.052544301553898144
104,-0.4987879760260164,0.7702025475218535,-0.384167769808507
105,-0.4117297876599111,-0.4203031053539559,0.17305130832018548
106,0.08487263991294,0.8509683053311938,0.07222392655569919
107,-0.25938983438149593,0.5462098540961331,-0.14168128359153703
108,-0.766508162503659,-0.29849632129198683,0.22879986674762268
109,-0.014793118202902671,0.8793591027774039,-0.013008463150184574
110,0.2835260662585353,0.1504832960242206,0.04266593695936595
111,0.09331254191411491,0.08006650591211628,0.007471209188841079
112,-0.2964323143542849,0.6575761532638582,-0.19492682097619346
113,-0.41599104060033887,-0.14441956592167587,0.06007724551080718
114,0.051062758729613536,0.11599368363255423,0.005922957481488239
115,-0.5894762079273707,0.020241940549899414,-0.011932142356445982
116,-0.036057618015775714,0.0008783501231153918,-3.167121322340437e-05
117,-0.09308760760385339,0.17722183003618078,-0.016497156173244796
118,-0.7653783443223156,-0.18871872104898904,0.14444122225910017
119,0.008514429658782722,0.008592792936804773,7.316273103290924e-05
120,0.037792622501507694,0.30098224902605386,0.011374908517096435
121,0.003504482827962252,0.021086733093280026,7.389809402322318e-05
122,0.1764737776278913,0.9817501293750753,0.17325315401749056
123,0.581865050658918,0.013854825298983707,0.008061638624463614
124,-0.22601746484985755,0.18704477100729563,-0.042275384956491094
125,-0.2244057172474177,-0.9014372839073062,0.20228768024878313
126,-0.16523509383644944,-0.47944496399975145,0.07922113361591206
127,-0.3807692599405729,0.24851517555448832,-0.09462693947988408
128,0.41352315850882626,0.4178414834501612,0.17278712999232412
129,0.25970948819806045,-0.04816302346210191,-0.012508394173413664
130,-0.1566562181880989,-0.26203010327336584,0.04104864503024249
131,-0.07056817495706916,0.36489348731274956,-0.025749867453381207
132,-0.09145662459161615,-0.22669475118557833,0.020732736756069268
133,0.06833152738593362,0.5805396702117189,0.039669162373692946
134,-0.660928993052384,0.21765731839597502,-0.1438560322779339
135,0.07153593708470257,0.007681939516861934,0.0005495347419667258
136,-0.9092427836770268,0.3409990820897646,-0.31005095463060856
137,0.487781415980127,-0.5737462008206009,-0.279862734249491
138,-0.6095708509790319,0.5275627194369807,-0.3215868558320126
139,-0.7515174855346624,-0.01359286515581768,0.01021527584311183
140,-0.027705860759983596,-0.07511421544002689,0.002081103994076795
141,0.3642232299163152,0.3152344331854388,0.11481570343563939
142,0.16384883198181363,0.41446102871800605,0.0679089554574262
143,0.46446072117660936,0.4863082398933093,0.22587107581497398
144,0.1239798994184915,0.4312703467633118,0.053468854213893344
145,0.4403465037077184,0.549683836232684,0.24205135542970846
146,0.6737217165182456,0.10363114863351836,0.06981855534213144
147,-0.6783830728824325,-0.16066262032196793,0.10899080207136015
148,-0.2266989806947619,-0.5755644628098926,0.13047987704313085
149,0.011898752380505143,0.15051113418430864,0.0017908947161680716
150,0.33244816288055895,0.684323458985744,0.2275020767558801
151,-0.15946085757514952,0.7645945404382849,-0.12192290111556625
152,-0.37515751255614,-0.8225928822394145,0.30860189954732453
153,0.2237742970150741,0.06762296678823239,0.015132281855110405
154,0.17666002920586105,-0.002581731638294468,-0.0004560887866227962
155,-0.39080487349589105,-0.015168221607660333,0.0059278149265393374
156,0.3019050437597709,0.10777310398911037,0.032537243675958706
157,-0.3989462142394211,-0.7112274881389786,0.2837415138560583
158,-0.11488759770219183,0.6026731033140418,-0.06923966503947512
159,-0.6236326497789716,0.43437884582970604,-0.27089283063271097
160,0.42679531830790773,0.02726158046163226,0.011635114910698978
161,0.003891710101721007,-0.09936438066758843,-0.00038669736399530544
162,-0.07872355005463082,-0.08387882130905475,0.006603238587846805
163,-0.328364320676924,0.17779133538668682,-0.058380331066492576
164,0.16154394266484107,0.10714714908348462,0.017308972908243618
165,0.09557830413518355,0.8151623168304919,0.0779118318375656
166,0.2553880813996595,0.5425313543725641,0.1385560416923679
167,0.05902782504184508,-0.6863115231025347,-0.04051147650989864
168,-0.3042357254102428,-0.3855251191250846,0.11729051428089038
169,-0.03696579795838999,-0.08005078291370574,0.0029591410675989835
170,0.21433407886170644,-0.09655256551981871,-0.0206945051924249
171,-0.032988779254837244,0.4604217865465873,-0.01518875268050316
172,-0.09539347521637719,-0.17417999302836143,0.016615634848139747
173,0.01742320354729441,-0.018586838558711138,-0.0003238422715091244
174,-0.2295252014688421,-0.6923432559879968,0.15891022531623908
175,-0.7246052917052681,-0.0212476264903083,0.015396142591054427
176,-0.2887539675791179,-0.1605610546529059,0.046362641569714175
177,0.8397906832739571,-0.07895536074358891,-0.0663059763470003
178,0.17344681805336754,0.3917641592926134,0.0679502468566564
179,0.6300158406675863,-0.5922517787680662,-0.3731280022874366
180,-0.47818096532194965,-0.4506416942967289,0.21548828039312876
181,0.5629390019956202,0.14388229642123201,0.08099695635220634
182,-0.2006974034856218,0.0034751528034208975,-0.0006974541443623536
183,0.2149902294259073,0.48394091986579585,0.10404256939053207
184,0.8925545203824056,-0.05792908836784763,-0.051704869684354234
185,-0.2871219464635844,0.10287037063574198,-0.02953634105036459
186,0.816514029360256,0.303069454044444,0.24746046109784192
187,-0.6982340902157843,-0.581624557771594,0.40611009394280684
188,-0.05092408380605426,-0.32588981760606783,0.016595640383311135
189,-0.31084338657873434,0.6082491093017417,-0.18907021301885213
190,0.8960845175738613,-0.07503901320475063,-0.06724129794679758
191,0.030481822502533427,0.06928835692130826,0.002112035397167502
192,-0.8747228525627186,-0.08231989173501678,0.07200709052110804
193,-0.1889894952728643,0.02650723013117563,-0.005009588043572543
194,-0.4651320838852331,0.711167592747056,-0.3307868644060829
195,-0.2765442826217277,0.6071002701240769,-0.16789010868091994
196,0.0301462398965592,0.3430170341882302,0.010340673801244636
197,0.15064545084121306,0.014849623951213305,0.002237028294953004
198,-0.42547740910907467,-0.47187417077075844,0.20077179960503536
199,-0.266959292137499,0.8046597438713546,-0.2148113956354381
200,-0.2531003297708716,0.7819057602229766,-0.19790060576217944
201,-0.2189368944680704,-0.588856202857343,0.12892234834184677
202,-0.483657586138567,0.8249775251064424,-0.399006638411551
203,-0.45822195310652486,-0.37153995417733543,0.1702477634602474
204,0.12609597442305015,-0.15243889239905772,-0.019221930677029677
205,0.037742296400265996,-0.42766854974949225,-0.01614119316571724
206,-0.20523930258984516,-0.2669732127268212,0.05479339599022315
207,-0.3038469241621577,-0.9442626506035977,0.28691130198710935
208,-0.1701041204272666,0.3400652601975107,-0.05784650197376712
209,-0.48514487464060724,0.8660770607658664,-0.42017284707436187
210,0.3182990716931655,-0.4096871386049706,-0.13040303590259136
211,-0.039414834663421536,0.16771036446654872,-0.006610276286791184
212,0.06622240142042315,0.03429118914725956,0.0022708448928934807
213,0.26402386403444955,0.2596491980763252,0.06855358456955754
214,0.09261843558335887,0.08157230135321152,0.007555098938268758
215,-0.022569153018903176,-0.6341172089264381,0.014311488320180575
216,0.055809816164213474,0.41014010180470567,0.022889843683292423
217,-0.3182036910994275,0.9384349747073651,-0.29861347280868145
218,-0.8229117785555082,0.4331670193805634,-0.35645824233004775
219,0.014062070017339575,0.1485720415367043,0.0020892304507082195
220,0.35318018824247094,0.17662320317329608,0.0623798161447329
221,0.40156828594058186,-0.2275933683103772,-0.09139427880384171
222,0.41131111207572,0.3814271555040288,0.15688522750624068
223,-0.7264792266450212,0.28494764735595324,-0.20700854648547112
224,0.40340118432196953,-0.2731764805503502,-0.11019971578291875
225,-0.15434618622190568,0.39060445277663136,-0.06028830760736751
226,-0.12911473011477906,-0.22797638417258667,0.029435109314986715
227,-0.6283455011190237,0.6593555597866834,-0.4143030996297779
228,-0.01844119628635636,0.012487694162010253,-0.00023028801920561747
229,-0.45986349684693717,0.680269605378943,-0.31283115952824675
230,0.0470075043197934,-0.18251200566112208,-0.008579433894529353
231,-0.19688581717810133,-0.6568854540609484,0.12933142941519798
232,-0.3387742621638144,0.10679751668651172,-0.03618024991640066
233,0.9497808636327897,-0.21680995232509892,-0.2059219437635164
234,0.007513734642370323,-0.12254199101234309,-0.000920748003014475
235,-0.10940081596277465,-0.1523611698666097,0.016668436304450012
236,0.08667045680620707,0.8852096639087168,0.07672152594023751
237,-0.3233040863190345,-0.48563092538899216,0.15700646262115533
238,0.12517266907330915,-0.2827810625582798,-0.03539646036380629
239,-0.0007152763328223953,0.00026956432807194447,-1.9281298404303352e-07
240,0.208739597397675,-0.09071114026216036,-0.01893500689780738
241,-0.09063513456140135,0.11369911702928573,-0.01030513477146183
242,-0.09559603628973963,-0.17957371395483154,0.0171665352759094
243,0.8203744544843407,0.36108154240446666,0.29622207337442863
244,-0.848417931183764,0.20610872716096248,-0.17486633989682265
245,-0.4532310389979026,-0.533841663557515,0.24195361183454125
246,0.15633787539239657,0.443764049898615,0.06937712873667493
247,0.39759345415029795,-0.7253091834321928,-0.2883781835677376
248,-0.4473943152357797,-0.2137338128168083,0.09562329282790827
249,-0.17790357141205934,0.31697687952755865,-0.05639131892300276
250,0.000696171840245503,0.27560222349643937,0.00019186650710726862
251,-0.13455732849598914,0.9148988455406598,-0.1231063445000158
252,0.27091215610753444,-0.2763462883836841,-0.07486556881833835
253,-0.08082210039102779,0.4862091561075375,-0.0392964452259603
254,-0.15558803664746113,-0.2013233984452692,0.03132351229529396
255,-0.7785734413783512,0.4207007675826506,-0.32754644440733816
256,-0.17337867386506886,-0.34180508008385124,0.05926171150528179
257,-0.2144445527339357,-0.2063110394449996,0.0442422785778563
258,0.6997415544740236,-0.15907321179119974,-0.11131013649394969
259,-0.09904670805881684,-0.16315969119029178,0.016160430300291538
260,-0.11819262824197885,1.6162295582627312e-05,-1.910264193334447e-06
261,-0.6505339683392524,0.5266600834192037,-0.34261027403257627
262,-0.7437565656469192,0.02375795718463725,-0.01767013664243235
263,-0.5593491457609516,-0.18932260913568894,0.10589743969328214
264,-0.18272006863380763,0.16003028996840574,-0.029240745566515233
265,0.5593809411651401,-0.2748271577658867,-0.15373307416882215
266,-0.5609123106245394,-0.30475382738926526,0.1709401734925848
267,0.09951232509695868,-0.3120881892508188,-0.031056621347648646
268,0.045545623302672436,-0.04980369088390417,-0.0022683401440810407
269,0.468019986813714,-0.7458589100784694,-0.34907687725981634
270,0.26688480471589066,-0.37461005788990576,-0.09997773214455599
271,0.6964251297024066,-0.3138368495336099,-0.21856386864183894
272,-0.17601800768951262,-0.1829674638104295,0.0322055684519148
273,0.2509687498372014,-0.5354936843282705,-0.13439218050158303
274,-0.07026411720027594,0.4229991056404458,-0.029721658734332183
275,-0.34345410485134953,-0.16745201968690468,0.057512083527116405
276,0.12015488136275133,0.04023786936010331,0.0048347764192531
277,0.1085623376730047,-0.21881595370132345,-0.02375517145396364
278,0.06608172892839355,-0.04391232045982223,-0.0029018020572427225
279,-0.28939207655267085,0.08930497614880589,-0.02584415249418968
280,-0.5077376884972196,0.5406740703659016,-0.27452060271796597
281,-0.34938210255382957,0.5061388034687027,-0.17683583933997485
282,-0.5738093977943503,-0.3505416679546311,0.20114410339087396
283,0.008315594454709868,-0.001061560732036725,-8.827508536662338e-06
284,0.6783019690485278,-0.010087381511479648,-0.006842290741780359
285,-0.39778842486688215,0.3081479780513601,-0.12257769881496512
286,-0.040006626299043786,-0.22741631946096852,0.009098159706978927
287,-0.1655872901017016,0.056299540058854104,-0.009322488272317844
288,-0.08136926677666009,-0.16612567522273072,0.013517524385651168
289,-0.8395286566388408,-0.08925576088739998,0.0749327690350765
290,-0.11709492777048826,-0.9755877571684856,0.11423637795941645
291,-0.9058845086048651,0.11955483710602363,-0.10830287486312491
292,-0.14564360534884033,-0.31536241759463857,0.045930519490009716
293,0.16680281288114437,-0.7621858148571797,-0.1271347378562847
294,0.4563743457754997,-0.30055794152983667,-0.1371669339333101
295,0.33929088800938473,0.7426034485785068,0.25195858350703304
296,0.3357047525224597,-0.3482729998727266,-0.1169169012325283
297,0.2829958215405336,0.5176445685562154,0.14649124994456125
298,-0.0848305044313626,0.782679705451538,-0.06639511422164426
299,0.09112284287490936,0.04175657055370924,0.003804977417560714
300,-0.49695391523022603,0.20350294758243528,-0.10113158656198268
301,-0.25885166482954775,0.25872693260364643,-0.06697189724069608
302,-0.5596245161433263,-0.2280507887212466,0.12762281229423156
303,-0.4054802544973295,-0.8688429243566534,0.3522986500863398
304,0.33294993735863915,0.20845672291620837,0.06940565283693878
305,0.0811883168135309,-0.38449477801942566,-0.03121648385098937
306,0.653439703054994,-0.4451105594161978,-0.2908529117715626
307,0.6371617287940912,0.10075253012575722,0.06419565627530623
308,-0.21627585783474698,-0.3291950257249623,0.07119693658359783
309,0.6368920826667582,-0.2627309146605084,-0.16733123941907352
310,-0.20279413115855335,0.34941642847206644,-0.07085960102451752
311,-0.07319606738057251,0.1147568145226756,-0.008399747528181624
312,0.4501926158987196,-0.020148553044162843,-0.009070729801525781
313,0.21460662442780978,0.2564767571607876,0.05504161109846772
314,0.20412087990928024,0.07645339009534825,0.015605733258309936
315,0.0024187993272808406,-0.9257716417966171,-0.002239255824393337
316,-0.6834062778441348,-0.09251140559973575,0.06322287535904446
317,0.5782810864315105,0.15549097762449143,0.0899174914709886
318,0.7466004809300196,0.009225104453579753,0.0068874674216723095
319,-0.43509326471277815,0.3231508669325212,-0.1406007656884352
320,0.3533798174571467,-0.6048713007307216,-0.2137493098372893
321,-0.6227460035126924,-0.6914687211373152,0.43060938264229537
322,0.8580778628449999,0.08837388151752161,0.07583167138387217
323,0.10008670862803591,0.13423645704964365,0.013435285163987542
324,-0.02617386547135886,-0.2618340594305799,0.006853209447355779
325,0.010249873784805005,-0.07087293001653665,-0.0007264385874288187
326,0.8013073145194713,0.5618781427089871,0.4502370656213267
327,-0.1637611898538354,-0.17046910217729855,0.02791622300586945
328,-0.18035200443187932,-0.6355024330031877,0.114614137613461
329,-0.07385765261426656,-0.05078099389078222,0.003750565006192586
330,0.16617216158144762,0.12965802228785794,0.02154555382994887
331,-0.5028012156814101,0.004826817788113415,-0.0024269298517360805
332,0.10333930529739696,0.018337406484013045,0.0018949748470138907
333,-0.047167120548657564,-0.3860023135455559,0.01820661765506395
334,-0.5248120391119099,0.11833473971869296,-0.06210349604954436
335,0.047436460081497524,0.3358708997494448,0.015932526528501193
336,0.49631769156621064,-0.25038728755461814,-0.12427164055663306
337,-0.3844747547650791,0.3745656075899935,-0.1440110201215956
338,-0.3234664165387591,0.21896584001863914,-0.07082809561522842
339,-0.1665393648790003,-0.67605966346715,0.11259054697412985
340,-0.504377256964203,0.45380835496970684,-0.22889061326705806
341,-0.21318500698501897,0.6534047535308817,-0.1392960969455256
342,-0.4980193264263917,0.2593244766964911,-0.129148601210263
343,-0.28415403808106315,0.21789379858485466,-0.061915402740708295
344,0.3564509145178397,0.4988481545706944,0.1778148809022607
345,-0.7615086163263576,-0.5437894702056746,0.4141003670291663
346,-0.5716117192841809,-0.17186027344666463,0.09823734638149742
347,-0.6255556082977904,-0.7538415553872779,0.47156981274044113
348,-0.41975043151692637,0.13526423949369734,-0.05677722289628833
349,0.15939616349204797,0.722231762073838,0.11512097202667136
350,-0.03730024927889941,0.0047689719254590465,-0.00017788384162369534
351,-0.7596927627342742,-0.08759987811718437,0.06654899342202948
352,0.5173196121466489,-0.031562880009575925,-0.016328096844785034
353,0.005311289240693256,-0.00023607060001873325,-1.2538392379234992e-06
354,-0.20479511204654016,-0.18681236622164132,0.038258259472040326
355,0.44178671648759626,-0.30144653601797106,-0.13317507534393935
356,-0.7352945154959099,0.2216054103575809,-0.16294524284014975
357,0.017624245374106878,-0.0500820293805948,-0.0008826579746368326
358,-0.5374705116190605,0.11218348070933241,-0.06029531277205189
359,-0.047924940802842944,0.7995595527961938,-0.03831884423610517
360,0.6174762301018953,-0.20169593561697777,-0.12454244595164603
361,0.7287768276313408,0.5800671316725354,0.42273948403352163
362,-0.04342751998485539,0.060818084333191996,-0.002641178572820316
363,-0.07146252850017189,-0.26742274540100747,0.019110705564813705
364,-0.14528132360598894,0.9076843758941808,-0.1318695875463826
365,-0.5789095048093338,-0.5000966528223075,0.28951070564216735
366,-0.022931834468950137,0.5993017701921131,-0.013743088990994332
367,-0.23776713921087786,-0.7983124176403931,0.1898124597388758
368,-0.1480955324117055,-0.8837203472103684,0.13087503532317676
369,0.7313751612171809,0.6413074601224179,0.46903634703681424
370,0.7862666463400091,-0.6154900193602802,-0.48393927337815484
371,0.022901377167984096,0.1377587141426045,0.00315486427075629
372,0.05965428730012692,0.037650313190410165,0.002246002600000486
373,-0.07343905335682295,-0.002013639720392329,0.0001478797948673103
374,0.00279907279401433,0.014475654099043908,4.051840956419582e-05
375,0.7227077201971607,-0.6497136333880058,-0.46955305876685954
376,-0.07212074994952875,0.06147654741061012,-0.004433734703560961
377,-0.7877294332732088,-0.2966533743487449,0.23368259445432185
378,-0.6385396788419223,-0.24845344480593004,0.15864738285354785
379,0.45176527728914073,0.1833579171997545,0.0828347403069064
380,0.12376096844111587,-0.32385268788564303,-0.04008032228498561
381,-0.1734342046395476,-0.3082001524309118,0.05345244830664252
382,-0.01633387991913544,0.25331281562142965,-0.004137581112338528
383,0.8730774350093599,0.2601721370159154,0.22715042204675914
384,0.7255689271898065,0.01033613703983892,0.0074995798632827475
385,0.025849995913438614,-0.0019810206379810456,-5.1209375396247586e-05
386,-0.46152098243822126,0.0004999680453307433,-0.00023074574346876182
387,0.0751218943678569,-0.2710850547658686,-0.020364422848826284
388,0.010141614018931253,0.02713277735108763,0.0002751701551563307
389,-0.047315960840265854,-0.8834156745091429,0.041799661460751654
390,0.7490876096600811,0.18252949090098758,0.13673058003149233
391,-0.3144782117634763,0.09913968332744068,-0.03117727032761087
392,0.76159285388725,-0.2334135991889806,-0.17776612914243042
393,0.05602778154136721,0.3197669900698467,0.017915835063773908
394,-0.17053921251860196,-0.2563356709563878,0.043715283465329845
395,-0.7714013997083218,0.5160681564711285,-0.3980956982467217
396,0.6641848700067474,-0.7163962911162582,-0.47581957748836795
397,-0.5235550972416766,-0.0004661002649933185,0.00024402916956294812
398,-0.06658482862615785,-0.949603614067153,0.06322919390544152
399,-0.2259754725109053,-0.8587623996479858,0.19405923903505248
400,-0.1306120216290337,0.5012965536267346,-0.06547535630485513
401,-0.3515290663236074,0.12397171046155382,-0.04357965962909061
402,0.14327749780087026,0.6957551189632395,0.09968605252719978
403,-0.4408890186950515,-0.1150121889786194,0.050707611136753324
404,0.13201760446439195,-0.5906386378615137,-0.07797469807458855
405,-0.3205216655340191,0.9371074094047631,-0.3003632276466846
406,0.7614827116496529,0.13816816494900203,0.10521266890902259
407,0.3323551331923699,-0.035787992068270776,-0.011894322870537611
408,0.043595648965693214,0.07758932079100062,0.003382556792691025
409,0.08017790966391453,-0.1666180666018298,-0.013359088292377603
410,0.3333188821319348,0.4080090954195289,0.1359971355848993
411,-0.31076138013988924,-0.27821177509972406,0.08645747520115872
412,-0.7567343136555896,0.2615512697194082,-0.19792482057686434
413,-0.8815519891137795,-0.3061579567586455,0.26989415576359443
414,-0.1769428472922939,0.018085833016278325,-0.003200158789553263
415,0.7189862301826933,-0.47198903713234813,-0.33935361849534623
416,-0.7889523866728957,0.5423644314657711,-0.42789971265140825
417,0.41522648378193494,-0.8649686772217706,-0.3591579024243073
418,-0.03384209639487231,0.01697904769082956,-0.0005746065686461882
419,-0.04109865491917196,-0.040333121401168494,0.0016576370382796934
420,0.004545408075276117,0.00359847607624188,1.635654221563776e-05
421,0.14785045826404059,0.2755172361320406,0.04073534962176408
422,0.006401576823451414,0.05532931404618521,0.000354194854455524
423,0.11962302338835816,0.26841291444778526,0.03210836434272479
424,0.09160252100962156,-0.3440301098315028,-0.031514025363782644
425,0.6231911742950638,0.7218951557158757,0.4498786898084945
426,0.08283810006152964,0.4697020668883462,0.03890922681600411
427,-0.2781086496929229,0.008497635378563814,-0.0023632659007151923
428,0.30866868588691615,-0.397162269860939,-0.1225915559218408
429,-0.643238899488035,-0.012374869464533958,0.007959997415674913
430,0.032774290999517765,-0.10630825703801135,-0.0034841777518153164
431,0.2338609432228859,-0.7210870521417092,-0.16863409815967043
432,0.11700542183683214,-0.8438728153431001,-0.09873769473585459
433,0.1372858523933332,-0.8330128571130432,-0.11436088014337002
434,-0.8412859279328934,0.291959596579225,-0.2456215001270665
435,0.21977230560891034,-0.31225590410355386,-0.06862519998483284
436,-0.2501788550650446,0.36657004047724395,-0.09170807302774395
437,0.023441212263620333,0.09883979878072108,0.002316924703312405
438,-0.22327112060305063,0.03374570969062369,-0.0075344424181707755
439,0.6895895625873756,0.6840538642531616,0.4717164050365417
440,-0.19289226010603963,-0.20929256963088685,0.04037091677950244
441,0.059048403140927554,0.9054728295428586,0.05346672467200309
442,-0.21402346909822814,-0.8644520399934268,0.18501302446843346
443,0.017491833159376063,0.9223386488911628,0.016133393762848558
444,-0.047137604019408225,0.14886481371485805,-0.007017130641313949
445,-0.4926376599435255,0.7288478481631345,-0.35905789837396057
446,-0.6058183324372353,0.18000490408283487,-0.1090502708219875
447,-0.1069058238222613,0.18148105790111127,-0.019401382003053802
448,0.2734353049694513,0.2105662096129278,0.05757623574177232
449,0.13378808086136246,0.08760575530921128,0.011720605875229492
450,0.41066470971749497,0.1697049828921173,0.0696918475370038
451,-0.05829851345398933,-0.06016249845928995,0.0035073842258545275
452,-0.09222612994613127,0.1372025664841021,-0.012653661725505515
453,-0.0124374859293425,0.1968037296485005,-0.0024477436183453507
454,-0.6705127940027755,-0.16712683763392813,0.11206068285477337
455,-0.5700553625382724,-0.06547225598488203,0.0373228106216605
456,-0.47121992186210787,0.7352857143206367,-0.3464812768484946
457,0.14270362682426552,-0.1986995244118883,-0.028355142781833143
458,0.6296076796201607,0.0005907005009950615,0.0003719095717819671
459,0.03052281078119433,0.015933300118400252,0.0004863291046339121
460,0.3520764046303832,0.37749577020263025,0.1329073535361194
461,-0.7972875490214514,0.3308965441152835,-0.26381969463734295
462,0.7843559464654237,0.5943827080452463,0.4662076115315108
463,0.009833164195537022,-0.0008857337869929534,-8.709565761036526e-06
464,-0.2293901557777749,0.10634364809920983,-0.02439418600345462
465,0.20782468639920748,-0.0831719581879184,-0.017285186127612137
466,-0.00524101241223822,0.047247800518732855,-0.0002476263089696343
467,0.010116917156251607,-0.0010615336317237444,-1.0739447810724024e-05
468,-0.1028812231053835,-0.47927747503774903,0.04930865283874353
469,0.041801706454985925,-0.01792325060431388,-0.0007492224604806778
470,-0.14799279275963817,0.23572161910171285,-0.034885100724686154
471,0.47588970615383214,-0.4278976941781262,-0.2036321079463308
472,0.11942379847226865,-0.26940927177398455,-0.03217387857889699
473,-0.020806689422731152,-0.26885077558460446,0.005593894588649256
474,-0.22123091734272915,0.5475418487619612,-0.12113318548514254
475,0.07353254568755803,0.37336195393009647,0.027454254935360755
476,-0.6873651684134178,-0.14514729931461184,0.09976919783814092
477,-0.3137874443904873,0.3842868911980493,-0.12058440150180114
478,0.1080330615859686,0.6239253416135144,0.0674045648555793
479,-0.048807013424618316,-0.35000777124697846,0.017082833989972013
480,0.25494263524280464,-0.13190329700193548,-0.03362777413488777
481,-0.10290976445900657,0.08457964017948293,-0.008704070848898116
482,-0.3368264603234897,-0.8744527335430564,0.2945388189595074
483,-0.7487408725702548,-0.29520813805634366,0.221034398878147
484,0.27382618216007126,-0.897171538636658,-0.2456690571675529
485,-0.13378070104206063,-0.128330288503491,0.017168115960926923
486,0.9036975702210367,-0.23261637789887088,-0.21021485550082808
487,0.05493346340128797,0.9341393794851257,0.051315511414648005
488,-0.13150596751945523,-0.2512044420417462,0.03303488319588475
489,0.2544205614252387,-0.10341251535189742,-0.02631027021422586
490,-0.059710549995749054,-0.5481892288827802,0.03273268035833637
491,-0.09290745593386056,0.16031315247874844,-0.01489428714953759
492,0.19705097774012456,-0.3957578858204607,-0.07798447834928636
493,0.1852928428026042,0.0030318809367076063,0.0005617858378015748
494,0.6853127538259175,-0.6541158608095696,-0.4482739418926167
495,-0.20502098987260778,0.4492540328787757,-0.09210650652506767
496,-0.3724066379340874,0.8890729769699975,-0.3310966782314471
497,-0.5349401891268447,0.36026206433620606,-0.19271865683123757
498,-0.2327700072390832,0.4247115394451561,-0.09886010811117116
499,0.9583810884112638,0.13393945808291124,0.1283650436187153
500,0.07480280772690284,0.122097721280846,0.009133252368864097
501,0.6259145771250068,0.08984437955805144,0.05623490683813637
502,0.6084760582858444,-0.26048627213460146,-0.15849966010603608
503,0.38626396306211963,0.19752758405714532,0.07629778743199891
504,-0.03699442410527203,-0.04641866849726567,0.0017172319087898765
505,0.25457310897896357,-0.4218626481268597,-0.10739488589575322
506,-0.42529479161597866,0.1883452299289774,-0.08010224531450803
507,0.7406578760043769,0.31979106836823723,0.23685577346278908
508,-0.24501726041224353,-0.0764290904284528,0.01872644635257913
509,0.3907119080321271,0.02370514686499425,0.0092618831618037
510,-0.10798460216399235,-0.21452742206317693,0.023165658324759034
511,0.5578997263706451,-0.39994056752104795,-0.22312673318451318
512,0.34678074220871574,0.927152828838798,0.32151874612562875
513,0.17585980428927914,0.023549305480679312,0.004141376252980712
514,-0.7046846328315897,-0.42213068507207285,0.2974690068169611
515,0.0039908617109834475,-0.23095408102436388,-0.0009217057989555025
516,-0.006910535813507039,-0.057562482842595915,0.00039778759919814355
517,0.12357541853092105,0.06323876672763733,0.007814757065747068
518,-0.4019706360020624,-0.8443523892905932,0.3394048669330007
519,-0.0181239632347419,0.8883572431141515,-0.016100554013517555
520,-0.264127945501752,0.11793244952955957,-0.03114925560223163
521,-0.5296283147998324,-0.7859711019851434,0.4162725502257587
522,-0.1277390306523329,0.8402765346996003,-0.10733611002242832
523,-0.2520189846186556,0.35413446796558895,-0.08924860903515554
524,-0.264559636969107,-0.38610695965946745,0.10214831707875435
525,0.12744066863906764,0.6168255059371288,0.07860865491025888
526,0.08765498152152648,0.13149397353677686,0.011526101820558268
527,0.005902343427712356,0.01355258021603635,7.999198276666666e-05
528,0.07929308292838354,-0.25339541910217916,-0.020092503980541594
529,0.010890420401141139,-0.010950091829289521,-0.0001192511034520635
530,-0.10404942985827036,0.6664250947573854,-0.06934115115274975
531,0.47985069611998526,0.2717741457642072,0.13041101303236918
532,-0.054728024928046015,0.3169579985694963,-0.017346485246854965
533,-0.7755041696945406,0.08549251214881075,-0.0662997996490639
534,-0.13021122706452062,0.0655624000539207,-0.008536960560316007
535,-0.1812412173243554,-0.16467588889456128,0.029846058567220588
536,-0.2550271261321466,-0.142858322873878,0.03643274752658341
537,0.02835965171486987,-0.19386866124646138,-0.005498047711377734
538,0.007250059129987872,0.08763931050571913,0.000635390183277831
539,0.6940421022414248,-0.5245608778361954,-0.3640673344070403
540,0.004391242559499789,-0.08807924952292145,-0.00038677734911385413
541,-0.6783680737576364,-0.08530287108703258,0.05786674434530627
542,0.02357930439843173,-0.11806941836138081,-0.0027839947556887825
543,0.0028293434451100224,-0.010318114360127119,-2.9193489230721256e-05
544,0.42411993629214206,0.36148327746989406,0.15331226461120617
545,0.062012307985939104,0.9049869124584347,0.05612032713861656
546,-0.8592929727753079,0.04473548148252194,-0.03844088487165102
547,0.3062826572400766,-0.1440148370325676,-0.044109246968331385
548,-0.0026605957505080545,0.027028193439512235,-7.191109660907593e-05
549,0.7868939323798438,0.14890817936929582,0.11717494282742832
550,0.6839989095135788,-0.4263299225508485,-0.2916092021177889
551,-0.12990876872172644,-0.8587172526322867,0.11155490096956407
552,-0.6693303592106489,0.020577632609367277,-0.013773234226132561
553,0.1818645280735981,-0.7870400141235557,-0.14313466074361844
554,0.6339191214194593,0.6353343326432892,0.40275058195685237
555,0.41928269824324577,-0.17367683471214676,-0.0728196918804551
556,-0.015837198789292937,-0.5576004417135451,0.008830829040414963
557,-0.4492926237639601,-0.2330340271296012,0.10470046947534038
558,-0.6864453840779273,0.08737539012038772,-0.05997843323014829
559,0.4988028544726386,0.46643059743759857,0.23265691341525235
560,0.07465620041905377,0.5149298315346412,0.03844270470479977
561,-0.09909366208821248,-0.8225204669344816,0.08150656521104425
562,-0.4702749867029627,0.1861564529718526,-0.08754472344600868
563,0.06525378271809897,0.8222734288429918,0.0536564516605868
564,-0.24906000921628782,-0.13193091191853035,0.032858714138342425
565,-0.16460926685038074,-0.06902314587615932,0.011361849438381467
566,0.30406864639599684,-0.9209729537286571,-0.2800389994075958
567,-0.3785255201219617,0.6381165176128782,-0.24154338672782968
568,-0.2046348471155834,-0.1600509395659919,0.03275199954879223
569,0.01913247939343245,0.5809203657650465,0.011114446927224993
570,0.09331282897531144,-0.950693793491616,-0.08871192735997321
571,-0.06244202076998712,0.051207300935337534,-0.003197487348579327
572,-0.07310032032313649,0.04042656203647142,-0.0029551946344292097
573,-0.49894955208360275,-0.3665750727380806,0.18290246834767943
574,-0.19918498561900183,-0.10355029475490947,0.020625663971600042
575,-0.3622924735104056,-0.6739811950492828,0.2441783142539038
576,0.5616406112028653,-0.08577374835697983,-0.04817402045237492
577,-0.24730146901990607,-0.6185859317639096,0.15297720964026224
578,-0.09503696040898119,-0.05090985524206443,0.00483831789706704
579,0.06742223154350842,-0.050575443182940244,-0.0034099092406957516
580,-0.49194169698523715,0.3857067756815814,-0.18974524576750135
581,0.38554094312621073,0.13870071205234255,0.05347480333693713
582,-0.08724016142611382,-0.0014687261066496078,0.00012813190263485946
583,0.359635501325414,-0.09138247905039316,-0.032864383665647284
584,-0.6646435538364139,0.10013517751847026,-0.06655420024991625
585,0.08315294967831492,-0.17037889913718804,-0.01416750802620129
586,-0.8375090881326699,0.31766202662705956,-0.2660448342548046
587,0.7558532847826968,-0.575233843190532,-0.43479238989373825
588,0.9366608838530942,0.21745837078290128,0.2036847497787662
589,-0.7257813651838025,0.07913249059960334,-0.05743288705777453
590,0.3790198790603168,-0.14633597558545217,-0.05546424376857156
591,-0.7396316312819441,-0.0781531642372547,0.057804552354646384
592,-0.2878132537101193,-0.009998681073262636,0.0028777529325055068
593,0.3093531598553891,0.05620331149850566,0.01738667200639945
594,0.5905578808147126,0.1354687784866929,0.08000215473965909
595,0.5645057826077619,0.18755354842288435,0.1058750626333231
596,0.685797038016243,0.5492973092491916,0.3767064676733879
597,0.1776588195801544,-0.1823701966010975,-0.03239967385475166
598,0.12759218372673367,0.7554898051092522,0.09639459401717393
599,0.6040073091796855,0.72158238530794,0.4358410349013079
600,-0.0009190617047058616,-0.0004714609828584799,4.3330173460821554e-07
601,-0.45299377643351035,0.14648374241713283,-0.06635622366365058
602,0.3184454873540866,0.5747125068664705,0.18301460433758204
603,0.8377560002355195,0.09674154849358607,0.08104581272257722
604,0.17726543829937547,0.04834393303269108,0.008569708478155639
605,-0.4249689974751359,0.7432428889509103,-0.3158551853979921
606,-0.35365463614935105,-0.08769607312481188,0.03101412283268223
607,-0.2963560969427715,-0.8416209530844551,0.2494195007613645
608,0.02610175298616857,-0.009308009006148088,-0.0002429553518715098
609,-0.07353871186045571,0.04339969720377439,-0.00319155782749939
610,0.38803289342280034,-0.9014416098193125,-0.3497889961098949
611,-0.2819627031631465,0.5403606495170908,-0.15236154942083252
612,-0.40181095737508543,-0.11386277547486495,0.045751310822939886
613,0.023283101997801158,-0.16760470596886712,-0.003902357464384606
614,0.463030291120181,0.45604216723069485,0.2111613374559069
615,-0.005544598340245872,0.03655698441371398,-0.00020269379510467274
616,0.2629296662952241,0.1672459914143763,0.04397393271179587
617,0.3092401264569076,0.09491751721159167,0.029352305025488315
618,0.2545479825853883,-0.55153511090252,-0.1403921498052449
619,0.36851611483158403,-0.5364486907202793,-0.19768998731072737
620,0.6741802973139878,0.5111646619268646,0.3446171437542576
621,-0.9197607610999269,-0.1201937910668859,0.11054953275116457
622,0.6121419154142342,0.2479650889827235,0.1517898245257454
623,-0.4543771351392979,-0.3575283191447737,0.16245269338417084
624,-0.3985696270975059,0.010785967120792017,-0.004298958893220034
625,0.9373408677741137,0.23607585334448444,0.22128354523443347
626,-0.09131121477276291,-0.12410742624544063,0.011332399852792262
627,-0.8950665188035596,-0.00602676809735217,0.005394358340533359
628,-0.23740590825614535,-0.20091680646530227,0.04769883692281926
629,-0.31433240345211455,-0.449483505395658,0.1412872305630987
630,0.6544042796405416,-0.1922743344304778,-0.12582514731634142
631,-0.23489221504687546,-0.027267990550935525,0.006405038700386515
632,-0.05651281600653822,0.15793003874711475,-0.008925071221621148
633,0.22924648065312284,-0.45387223872979227,-0.10404861339495887
634,-0.7757306520937837,0.15902940878381414,-0.12336398697795703
635,0.23921166013527945,0.6497811701437985,0.15543523243474253
636,-0.10230185093027987,0.06073702539903208,-0.006213510118320401
637,0.8420927975023349,0.3197127748574082,0.269227824976909
638,0.2938037669674872,-0.37924593571185045,-0.11142388451925114
639,0.9001939391637116,-0.2929976227021755,-0.2637546841458743
640,0.26693448866976127,0.48480392528351574,0.12941088790064842
641,-0.04782817930597248,0.07002723913728173,-0.0033492753497601246
642,0.1474548709197734,-0.13873839359233348,-0.02045765191877425
643,-0.1637437662798765,-0.838397574767945,0.13728237653241765
644,0.026091196585264587,-0.705445034434377,-0.018405905073526078
645,0.6606412244843004,0.6037134396743461,0.3988379860240888
646,0.31690258348037503,0.0889372985908449,0.028184459691204266
647,0.24321494807288419,0.4686490839478811,0.11398246261678864
648,-0.03235923210692301,-0.6495926499247671,0.021020319333866718
649,0.592726739394679,-0.04308864192938289,-0.02553979023574797
650,0.18103865882973555,-0.1442223787602394,-0.02610982602398788
651,0.2680484365966376,0.3321543315733082,0.08903344928702643
652,-0.24123724601231222,0.05799904942737052,-0.013991530955190838
653,0.5249070581633811,0.6629760513317554,0.3480008087373265
654,-0.08847880946021276,0.982702335748342,-0.08694833272078357
655,0.05971993025210145,0.029414312168978867,0.0017566206711449569
656,-0.31370261256530707,-0.6413142023425618,0.2011819407500976
657,0.09179119404528274,0.3170972319327953,0.029106733547565242
658,-0.608504788033778,0.1445383526387793,-0.08795227963521185
659,0.23976687298074614,0.09561779363390722,0.022925979380920232
660,-0.1135546182432909,-0.6410275002316068,0.07279163307225119
661,-0.37042612069417197,-0.023124048998350653,0.008565751765200986
662,0.23844047903007035,0.173394028071498,0.04134415511432145
663,-0.28766704574385044,-0.8651934787690484,0.24888765203433694
664,0.9218420733562974,0.19624301187005666,0.1809050649439775
665,-0.6125261172949448,0.03543149338544037,-0.021702715073345306
666,-0.21136968468966263,-0.036321968677848405,0.00767736306674462
667,0.8411395770156043,0.4183204835919629,0.3518659146255067
668,-0.5722797072662632,0.48546520209058913,-0.27782188374035965
669,0.0930834311832402,0.7452995193231812,0.06937503651782133
670,-0.16293294829331903,0.13519903102637776,-0.022028376731527643
671,-0.3002775629574024,-0.7739465376330716,0.23239878017977825
672,0.13716533493548758,-0.1970567277301913,-0.027029352060402873
673,-0.630667097005138,0.0346955124689,-0.02188131812786673
674,-0.6954508315166431,-0.14662495409669749,0.10197044624763789
675,-0.05905501149379744,0.740030852276543,-0.04370253048695596
676,0.38420415357625265,-0.06851064173508702,-0.026322073118794996
677,0.018109746599543574,0.7596095513965547,0.013756336490384576
678,-0.3643043193299508,0.8261813398146242,-0.3009814306442734
679,-0.4575226252205214,0.36842275501439586,-0.16856174606516341
680,-0.08961265684787703,-0.011978665396401763,0.0010734400316632902
681,-0.013499485679696046,-0.12826756554894278,0.001731546164297427
682,-0.10143626175394933,-0.028122665606556563,0.0028526580696854598
683,-0.16955935489403326,0.03293025590359332,-0.005583632947508713
684,0.08946979741403685,-0.08933042801942447,-0.007992375297807108
685,-0.7719644921121489,0.09911154523108448,-0.07651059367676441
686,-0.03941120895900721,0.00015459965740438852,-6.092959402955283e-06
687,-0.15769889062869535,-0.18297958597259373,0.02885567771557602
688,0.5083291153708804,-0.7171884330241118,-0.3645677617133747
689,-0.9206508921007902,-0.3164504815575638,0.29134041815169576
690,0.0118404898034496,0.6053062119633866,0.007167122030717181
691,-0.9643181209899557,0.1520911263758675,-0.14666422920602243
692,-0.0263251111467025,0.034569133638581793,-0.0009100362852808779
693,0.9464361407928025,0.06363118972445345,0.06022285763686635
694,0.21418821319099277,0.22589524183259513,0.04838409821647075
695,0.7850867245643957,0.14831195011940312,0.11643774313300023
696,0.7675871840690053,-0.26063280339999856,-0.20005839963781555
697,-0.5766743789454379,0.6380001866677394,-0.3679183614136921
698,-0.12285017379626625,-0.44178804983562925,0.05427373870342059
699,0.9059956461165629,-0.2127695323274186,-0.19276826991489854
700,0.19699997211203696,0.16643257615185222,0.032787212860449354
701,0.9048768611073845,-0.23320858633700667,-0.21102505358792106
702,-0.4061267671989429,-0.46730094076751677,0.1897834203829363
703,0.8804465562992193,-0.4426234764350734,-0.389706315564449
704,0.008641494510293437,-0.03147930363925267,-0.0002720282295864622
705,0.24942259863152588,-0.6809222058168543,-0.1698373860407505
706,-0.4987569500076061,0.2666328898988228,-0.1329850069376507
707,0.21983131684171234,-0.4406309505604222,-0.09686448210291305
708,0.2137524590349554,-0.14664215943033224,-0.03134512217642949
709,-0.29118179542941747,-0.14842997871294283,0.04322010769718491
710,0.24546820137219166,0.04446070947957383,0.01091369038768254
711,0.04480759252444427,-0.21464085387102394,-0.009617539919351627
712,0.7343591932198956,-0.3165028126326064,-0.2324267501367086
713,-0.35936453335620505,-0.3510810079129716,0.12616606257887117
714,-0.05794525844887988,0.059690071240629174,-0.0034587566048703096
715,0.25080559597120466,-0.7353917239743523,-0.18444035960367905
716,-0.5211909155649624,0.11463579692912595,-0.05974713595801027
717,0.1974976315387668,-0.7125229719900659,-0.1407215993850011
718,-0.4284970060743653,-0.28639304236837043,0.12271856121537558
719,0.29469534194085073,0.27039119355238966,0.07968302524171622
720,0.4031334241851511,-0.9000923053613445,-0.36285729314302545
721,-0.015236095004305105,0.02378039113821198,-0.00036232029862133297
722,-0.573913184220956,-0.7353041309412301,0.4220007351593042
723,-0.9256894557898071,0.09792855785204711,-0.09065143342434213
724,-0.01154402423770697,-0.39074822393244407,0.004510806967917085
725,0.0026200241705437396,-0.21444886668755617,-0.0005618612140671093
726,-0.5166873234129318,0.3412613634177457,-0.17632542044856284
727,0.07355085071567341,0.16206302647953744,0.011919873467126686
728,-0.3568585698189169,-0.7195799917885828,0.2567882867399816
729,-0.08936721066527677,0.23768867204568758,-0.021241573627456843
730,-0.03256523397113784,-0.2889770325498118,0.009410604677269736
731,0.860721353866248,0.3131461086908422,0.26953154263032897
732,-0.7372849895309104,0.5212193898771026,-0.3842872324088471
733,0.5353524980223483,-0.005513809155218275,-0.0029518315048645974
734,-0.8218164195082698,-0.2628856767352535,0.21604376559457447
735,-0.08823099819397898,-0.3413129107226823,0.030114378809554688
736,-0.31529413362695424,0.9467643012011293,-0.29850923009613883
737,-0.3053842325959598,-0.3079403522550002,0.09404012815872279
738,-0.25090483157968035,0.1547930482633132,-0.038838323704211926
739,0.0020713570119894665,0.04152260117802079,8.600813110613545e-05
740,-0.06623943854915522,0.9874878182309513,-0.06541063865374847
741,0.21808848909925455,0.410558059593538,0.08953798690427642
742,0.6604281039903054,-0.3216362267020829,-0.21241760337545265
743,-0.21269459260374513,0.6044794631023008,-0.12856951314187445
744,0.04059194050077972,0.7219531556873541,0.029305479540011236
745,-0.045866457570919866,0.0225519968033324,-0.0010343802045195659
746,-0.7044219867927614,0.5918388400049994,-0.4169042915374449
747,0.3421088836746092,-0.8613919867942951,-0.29468985100844997
748,0.5516354210019844,-0.0199216540208454,-0.010989490002844927
749,-0.911574264555037,0.3133148586637268,-0.28560976186055215
750,0.03895420988688976,-0.2782419510024214,-0.010838695358686019
751,0.4500181497628001,0.40008027376513283,0.1800433845563796
752,-0.17363834051432947,0.35641603682661743,-0.06188748916726799
753,-0.3818884390706362,0.49857236157700735,-0.19039902092640418
754,0.01596309536573271,-0.30020818191610077,-0.004792251837499951
755,-0.6420112129743575,0.5090871879367197,-0.3268396830369581
756,0.03416468380737799,-0.06085110661386315,-0.002078958816791682
757,-0.038271131648190085,-0.017001511009261318,0.000650667066053593
758,0.02953667319102575,-0.03959277398274678,-0.0011694388258545385
759,-0.005426963039795282,-0.1503571203278352,0.0008159825347892134
760,0.36717617407727776,0.14657303408082537,0.0538181258766959
761,-0.20847675468827764,0.932366598676437,-0.19437676267181137
762,0.10654719699995897,-0.030386251313253454,-0.0032375699047634777
763,0.39191890642636024,0.5154846653639037,0.2020281863289794
764,0.4155079058079892,0.3251732405915539,0.13511205222299397
765,0.031236816600749777,0.3518585776606155,0.01099094185978532
766,-0.19367944138027396,-0.04208572786281621,0.008151140262552474
767,-0.08696988406539172,-0.20272638755653244,0.017631090422787297
768,-0.042113761183062946,0.012114282223160161,-0.0005101779884503919
769,-0.03171425919911955,-0.7124584608077468,0.02259509229466264
770,-0.631396696028267,0.16983880101315646,-0.10723565781710927
771,-0.4182514471299742,-0.14831505624388067,0.06203298690516661
772,-0.7079616549848043,0.1251570317883229,-0.08860637935784685
773,0.06096551757399911,-0.09153097935796538,-0.005580233530613388
774,-0.7516366471113822,-0.5623486793525959,0.42268187585609895
775,0.7664884831240056,0.361892861844848,0.27738671072886284
776,0.5930656252419837,-0.28740418380319543,-0.1704495419644041
777,0.3349144197685546,0.1770462814653442,0.05929535262914596
778,0.2262110131407352,-0.34979482165390635,-0.07912744099771293
779,0.48145325534746614,0.025983986744853804,0.012510075005215273
780,0.5163277143924762,-0.7798470502530452,-0.40265664503286935
781,-0.13390396840420724,0.8531485914128822,-0.1142399820286445
782,0.4320292785608249,-0.20435730502280994,-0.08828833905763901
783,-0.06088106376912568,0.5511662734665586,-0.03355558904230892
784,-0.6613789033364877,-0.5735066419100816,0.3793051938826816
785,0.6708473411017969,-0.6716150758892148,-0.45055118790416127
786,-0.4988781405534715,0.3995969882422288,-0.1993502024650505
787,-0.5109788676656055,-0.5469764769955312,0.27949342085489864
788,0.3515962175555496,-0.004491611472589224,-0.0015792336044914833
789,-0.8849474525435135,0.2442212130035863,-0.2161229403046105
790,0.3422329880068935,-0.7635643881523431,-0.2613169220930318
791,0.4308169759368396,-0.3451991153515403,-0.14871763897182286
792,0.7595790610283096,-0.41930493070313873,-0.31849524554803055
793,-0.8038242668454245,-0.27595065300402183,0.22181583133647398
794,0.8028672883623006,-0.09451475423207244,-0.07588280444053327
795,-0.12202853483140187,0.04679370722509435,-0.005710167532007847
796,0.5144476933485748,-0.15047368880951623,-0.07741084211770687
797,-0.24653134114516018,-0.8663905110135162,0.2135924146356028
798,0.05844344913305193,-0.7686130848797731,-0.04492039972916915
799,-0.3318503608639873,0.2586018828787835,-0.08581712815343087
800,-0.6309311834912228,0.7471117087934083,-0.47137607462917486
801,0.2297613080113917,0.10048341877462436,0.023087201731114126
802,-0.1704497162257448,-0.2867798441845412,0.04888154306051837
803,-0.5695353693006031,0.765590015278746,-0.436030592084635
804,0.26859453114044485,-0.7628089487098975,-0.20488631192847054
805,-0.42445073893565066,0.7940111422009384,-0.3370186160303283
806,0.011397846317691206,-0.002099448024659726,-2.3929185937051933e-05
807,-0.23991551269587708,-0.29438337481166615,0.07062713829708343
808,-0.21462728450803892,-0.09698309538288864,0.020815218405213515
809,0.29316471929826277,0.040398048150568196,0.011843282446259028
810,0.06375985118261752,0.7352360397107326,0.04687854047605338
811,0.3618166519607813,-0.6272061646107452,-0.22693363456862248
812,-0.17408747712117018,0.42772917315725273,-0.07446229264607027
813,0.30463195652773906,-0.20155595518915917,-0.06140038497909086
814,-0.574510399533499,0.1086373929441122,-0.06241331202459963
815,0.47513500028633154,0.24308578498067027,0.1154985645163939
816,0.46121494718531986,-0.30069689604339866,-0.13868590302744574
817,0.48536725518497864,0.37845825748961714,0.18369124563982536
818,-0.3870561544525148,-0.08200663783333319,0.031741173879350056
819,-0.7329035088021495,-0.24166477378202164,0.17711696065872137
820,-0.23267930986810756,-0.09467511861184404,0.022028941260285095
821,0.6556114874734504,-0.013991505067793989,-0.009172991449488736
822,-0.8980990731223633,-0.3402656861423077,0.30559229733975146
823,0.0035186569591414214,0.0005053465774417639,1.778141251493762e-06
824,0.32981919514849956,-0.6437938327281626,-0.21233556375197035
825,0.07854709243267934,-0.07556633967380127,-0.005935516267157312
826,0.42903080142856226,-0.3341218453133533,-0.14334856306957808
827,0.2221693608278199,0.5862290227203831,0.13024212727650503
828,-0.17881196428564247,-0.16446758753202284,0.029408772387921844
829,-0.8811764351595318,-0.24215432774426673,0.21338068728014586
830,-0.40738715584857843,-0.47043446792955307,0.1916489599029599
831,-0.18599068518515588,-0.1381661863297804,0.025697623664895773
832,0.6747337296519291,0.37126537738828075,0.2505052727758257
833,0.08514094804125791,0.06231181987552459,0.0053052874183782605
834,-0.04938547190486325,-0.5530246192557496,0.027311381796952517
835,-0.06700356408413818,0.06728430420505532,-0.004508288188660073
836,0.5316720438645248,0.23423776483515868,0.12453767118016673
837,0.05853275812900665,-0.2461155290869116,-0.014405820735836697
838,0.2804654579776252,-0.5857868737999583,-0.16429298383758664
839,0.01219176685484533,-0.7157231219257795,-0.00872592943514114
840,0.44523074303566157,0.2766588946277305,0.12317704522252926
841,0.5496958320004165,-0.3607892651801732,-0.1983243553000342
842,0.8110290029548255,-0.06065340229300599,-0.04919166838751458
843,-0.6692238576329403,0.4519020880998184,-0.30242365867054133
844,-0.5889515607532241,0.1927221584618255,-0.1135040160178223
845,0.2006458585739177,-0.4040231067260393,-0.08106556313274774
846,-0.2540972727764427,-0.3191516403393868,0.08109556141236629
847,0.6927517393481044,0.5341146189335437,0.3700088312774624
848,-0.042432746059897816,-0.7016498286717716,0.029772929003000093
849,0.17694744933029435,-0.053763953312172624,-0.009513394404501977
850,-0.4366939268597811,0.359654384059945,-0.15705888528747322
851,-0.8007513225947844,-0.4298015343572015,0.34416414708979676
852,-0.11207357042145143,-0.1007322618467986,0.011289424241799267
853,0.5969363021616321,0.5988048019149861,0.35744832417176037
854,0.15071361006182618,-0.8062366237599942,-0.12151083213092703
855,-0.04207731234038703,0.4975651065253106,-0.020936202396943437
856,-0.011995364287143954,0.03561821343242957,-0.0004272534453792367
857,-0.11659847363149822,-0.09034259817593127,0.010533809051217362
858,0.7522638545334572,0.5341921509150808,0.4018534465088969
859,-0.03386693377333902,-0.028331551482537014,0.000959502777755026
860,-0.14935802302341633,-0.34124406505029686,0.05096753892438642
861,0.12108968763065078,-0.6070810134657119,-0.07351125028706196
862,0.08604738790566424,-0.17715636332542273,-0.01524384231501944
863,-0.5730164062518549,-0.7963477181689477,0.4563203075920354
864,-0.12620395745655832,0.0916560660581347,-0.01156735826143633
865,-0.5396658074564665,0.003801309285088461,-0.0020514366447290278
866,-0.29555089543274304,-0.5427593069027904,0.1604129991595747
867,-0.1052496028584842,0.20561828100770566,-0.021641242416505224
868,0.18449421709289401,0.4282592173867572,0.07901134902458527
869,-0.02668371307200108,0.49028293376169413,-0.013082569128595957
870,0.2506532803754603,0.7247419107946026,0.18165893736624636
871,0.6026125657001692,0.19791454974218253,0.11926579460953038
872,0.21812436343081693,-0.4135514649947486,-0.09020565004786131
873,0.4170299554641231,0.5204789834062842,0.21705532726993473
874,-0.3178969021613335,-0.3232532296453029,0.10276120031788792
875,0.15613474898010973,0.5019906547253997,0.07837818486591122
876,0.6430453016839883,-0.14214290465642207,-0.09140432700702732
877,0.06779841023882065,0.16803315747344152,0.01139238094410874
878,-0.7546808720712588,-0.22688956880526498,0.17122921764982924
879,-0.5254528623435449,-0.29554340571269955,0.15529412847849758
880,0.6774306369636333,-0.7086185841372797,-0.48003993881638535
881,0.2058245554563585,0.08420532724428294,0.01733152404711173
882,-0.4661839094777134,-0.008774250726021813,0.004090414506194514
883,0.7550695419936547,-0.4817096898725191,-0.3637243149059485
884,-0.5772341557440827,0.16888716867875575,-0.09748744222829006
885,0.0551347159150712,-0.723862147765103,-0.039909933878702245
886,-0.06643026825532755,-0.40830138893947643,0.02712357079627225
887,0.12184729191565982,0.6733742614503052,0.08204883020342718
888,-0.7447234760021093,-0.5834441393922895,0.434504547541285
889,0.16146718745927532,-0.11833346225890384,-0.019106971333263507
890,0.8004835188459885,0.10518937860658405,0.08420236393222133
891,0.39128323040911583,-0.8870746251061551,-0.3470974249254917
892,0.009807141863061265,-0.010773481965906016,-0.00010565706599877247
893,0.04060642735115458,-0.21134399499375378,-0.00858192457881664
894,-0.015089173062263839,0.11640299943941247,-0.0017564250035078954
895,0.5776316574071293,-0.505252930663207,-0.2918500877487976
896,-0.08026321202437517,0.012407684220819738,-0.0009958805893471488
897,-0.32499126961159275,-0.9440393575770051,0.30680454938226326
898,-0.2499832932966629,0.29884088741350395,-0.07470522920732497
899,0.7154148295652115,-0.5545932465248797,-0.3967642329406142
900,0.18850285490377974,0.005309070985310592,0.0010007750376178695
901,-0.23384245379327442,0.373745907509482,-0.08739766010721146
902,0.2282137327756909,0.8134036523800197,0.18562988376302478
903,-0.18126638396714093,0.5669996559313449,-0.10277797734128796
904,-0.16038821469222084,-0.4334348012391481,0.06951783395622456
905,0.35937993230664356,-0.36558969775611716,-0.13138560083159967
906,-0.017837606734420235,0.5736082441549244,-0.010231798278856846
907,0.15787199950249778,0.411044324059934,0.06489238932349443
908,-0.02028042875745355,-0.19249356956673047,0.003903852123866006
909,0.022126206578372776,0.11179725295114966,0.0024736491136917328
910,-0.06539880761796925,-0.13635571854094938,0.008917501404469511
911,0.04756082928361805,0.022209655649864303,0.0010563096408111392
912,-0.4095550703897092,-0.37997891599011147,0.1556222916849355
913,-0.10136479282943006,0.8416389347059039,-0.08531255625364616
914,-0.2540911541935782,0.25378019022347975,-0.0644833014453498
915,0.022444437012806545,-0.07188862764267052,-0.001613499775063022
916,-0.41130636814731625,-0.10985602615030887,0.04518448313498014
917,-0.5930638473639487,0.1033862202210829,-0.061314629528731894
918,0.013781450779779502,-0.4251801737359906,-0.005859599636880652
919,-0.14456971276387368,-0.7977270941701974,0.11532717686814505
920,0.7647212754308664,0.5498645939311527,0.4204931535853066
921,0.6363783909046055,-0.5930997361641729,-0.3774358557461024
922,0.5486508501065743,0.4411321097536066,0.24202750702562292
923,-0.46535126778709796,-0.06803878467617408,0.03166193470775098
924,0.0982607203755886,-0.675589704343694,-0.0663839310271423
925,0.004236280965539939,-0.01273204546694976,-5.393652186402833e-05
926,-0.6450905842773895,0.7410272541627415,-0.47802970435331255
927,-0.02971159627332528,-0.16949285877653633,0.005035903391180185
928,0.48996173098464335,-0.7623945221859587,-0.3735441397834424
929,0.8014304120376812,-0.09558079319917742,-0.07660135447650515
930,0.34980808991469076,0.7196233839732725,0.2517300814056365
931,0.13231192729991184,-0.23413704762628793,-0.030979124023745405
932,0.03530757977974849,0.21629092765991526,0.007636709183988267
933,0.41454504741182563,-0.10964687824981559,-0.04545357034262847
934,-0.018727880011837263,-0.8491646090521358,0.015903052908627098
935,-0.09566878604822733,0.4401014720823063,-0.04210397357215206
936,0.593460194063121,0.7230600167009287,0.42910733783061666
937,-0.31224508964401815,-0.16396863073142245,0.051198399801539916
938,0.00026319515596500505,-0.6193921097776691,-0.00016302100293642715
939,-0.9665183289897596,0.1661713562440853,-0.16060766156299539
940,0.5049638758124283,0.39881762956643335,0.20138849596819147
941,0.022716743212017738,0.039421279034510044,0.0008955230729162632
942,0.27430997362252696,-0.3736833083545774,-0.10250505845792274
943,-0.32028374278618615,0.09734878645866937,-0.031179233682675823
944,0.49684514758687354,0.19068848918145379,0.09474265055047734
945,-0.28297176401303104,0.031739314594149526,-0.00898132983927103
946,0.11836303163661316,-0.03062680458591562,-0.003625081440131099
947,0.6538808913718025,0.1380215649251458,0.09024966390178545
948,0.07142977959746706,0.6776052701774081,0.048401195102854386
949,0.5155841886159971,-0.6972112377551677,-0.3594710903119532
950,0.08996353006210536,-0.09711551419142955,-0.008736854480457492
951,-0.6725304422830505,-0.4306938599477147,0.28965473211923076
952,0.35633191954307936,0.7460389466500748,0.2658374899137181
953,0.5292174373669225,0.3714239133478163,0.19656401159872525
954,0.02130394395279716,0.20381174598976237,0.004341994013487629
955,0.17139268305963382,0.19739639843238932,0.0338322983536357
956,-0.341315047646569,-0.24216445763249084,0.08265437339513915
957,0.31110030201000755,-0.4435795727459837,-0.13799773904674564
958,0.43067892904150495,-0.20606470226542473,-0.0887477252849297
959,-0.16636672289587748,-0.43685336691383614,0.07267786303948527
960,-0.03449860820439449,0.8391318516998875,-0.028948880983622475
961,-0.7503587722529271,0.44049953350361654,-0.33053268913776085
962,-0.7761794391062584,-0.2542292599876317,0.1973275244215991
963,-0.43127511589778067,0.7645502632034384,-0.32973150337274165
964,0.14106114414878648,0.5533107262834729,0.0780506441193427
965,0.4122932246563012,0.8714241007029107,0.3592822525220204
966,0.09862300110655953,-0.5984726811202998,-0.05902317189237298
967,0.49045435906365775,-0.3524306962094911,-0.17285117122378463
968,-0.12264935673521606,0.2948019338359403,-0.0361572675492758
969,0.04463135201718402,-0.6797405261389464,-0.030337738702453192
970,-0.012812340209542058,-0.05036146066379686,0.0006452481674740351
971,-0.0822904207668561,0.10644729238987996,-0.008759592480255781
972,0.042856741189081456,-0.12298911313081458,-0.00527091259052198
973,-0.4573375139351988,0.46918133501720044,-0.21457422534156406
974,0.17528819366462473,-0.003945490976772324,-0.0006915979864384965
975,0.33733643748365166,-0.05084567789361055,-0.017152099842071847
976,0.03904832330821955,-0.02094639084635513,-0.0008179214419088057
977,-0.06881753646875895,-0.22337389680409322,0.015372041289484483
978,0.947291026319329,0.17991181196894565,0.17042884500703268
979,-0.44834679196687105,-0.24126351843521457,0.1081697245090685
980,0.1180770106351753,0.09424080693009652,0.01112767276215251
981,0.2915243370144865,0.4342251549545515,0.12658720041313828
982,-0.6870101043229366,0.6467047812460142,-0.4442927192299661
983,0.862741192505654,0.07134360237678512,0.06155106459219681
984,0.2574174121351171,-0.295722710507324,-0.07612417484837775
985,-0.12334789220040733,-0.25566787853507666,0.03153609392065147
986,-0.12295031916755432,-0.7517417127807262,0.09242688351795424
987,0.11055379698579829,0.2135663092531683,0.023610566396180983
988,-0.18075398323699568,0.17877943869075577,-0.03231509566422837
989,-0.025412839561101092,0.08015424221283787,-0.0020369468974964855
990,-0.7983498647698217,0.33073026764653213,-0.26403846445089585
991,0.43783522612706866,-0.09441267592903613,-0.04133719531465119
992,-0.0977930714886014,-0.5532091085466349,0.054100017900246516
993,0.6234681442933804,-0.3924672065753671,-0.2446908009795509
994,-0.2682338850561043,-0.7499633980212927,0.20116559590112884
995,-0.07166186234716629,0.4417330777149362,-0.031655415009397864
996,0.1704624373853321,-0.06960972908957128,-0.011865844086340973
997,-0.7231846519106324,-0.40472471933788245,0.29269070527399493
998,0.0275333526680004,-0.01424036531742345,-0.0003920850004057813
999,-0.935553856986083,0.1450289528105737,-0.13568239617658484
